Date,Return
2015-12-04,1.0595601049998438
2015-12-07,-0.27093474015355334
2015-12-08,-0.4711624771919133
2015-12-09,-0.16115713394290201
2015-12-10,-0.08800079999999752
2015-12-11,-0.298293290081477
2015-12-14,-0.8819451697368768
2015-12-15,-0.326345761605602
2015-12-16,1.279390712928052
2015-12-17,-1.226747150403592
2015-12-18,-0.3524817695668948
2015-12-21,-0.08015871743486923
2015-12-22,0.07969317629040608
2015-12-23,0.3868608751978248
2015-12-24,0.29505182942501307
2015-12-28,0.03214739210800411
2015-12-29,0.5399355480678723
2015-12-30,-0.9485538432708419
2015-12-31,-0.2513149615130076
2016-01-04,-0.04937294394436771
2016-01-05,-0.32911140094527447
2016-01-06,-0.1602454246436621
2016-01-07,-0.4393538862964528
2016-01-08,-2.802615199449794
2016-01-11,0.4813547964054762
2016-01-12,-0.7029575533140646
2016-01-13,-1.8856647240357836
2016-01-14,0.7974325873944952
2016-01-15,-1.280028077854248
2016-01-19,-0.8533790043379161
2016-01-20,-0.7034737122847661
2016-01-21,0.6705300772876964
2016-01-22,0.7297332922445195
2016-01-25,-0.8393800601718934
2016-01-26,0.9267387221516626
2016-01-27,-0.5862068965517301
2016-01-28,-0.47994257799109513
2016-01-29,1.077893894736845
2016-02-01,0.33333500000000055
2016-02-02,-0.957138560846633
2016-02-03,-1.2791938200757056
2016-02-04,-0.6087459884989268
2016-02-05,-1.648252880403648
2016-02-08,-0.5558602251842549
2016-02-09,0.8019605774499583
2016-02-10,-1.7031908938540476
2016-02-11,-0.19944818881710377
2016-02-12,2.0257866051330087
2016-02-16,0.14807588667997768
2016-02-17,0.40857553331645036
2016-02-18,-1.040711898310701
2016-02-19,-0.3501154428463415
2016-02-22,0.584521542377688
2016-02-23,-0.8728296328626164
2016-02-24,-0.4568421052631521
2016-02-25,0.9369959245432937
2016-02-26,0.1333323809523839
2016-02-29,-0.9514748040242589
2016-03-01,1.0541319737664174
2016-03-02,0.1310248035755701
2016-03-03,0.817158495363373
2016-03-04,-0.009122855223116486
2016-03-07,0.634151805441994
2016-03-08,-0.6571507883163106
2016-03-09,-0.5708412823241475
2016-03-10,-1.544685517751284
2016-03-11,0.5521792544752707
2016-03-14,-0.27460228832952294
2016-03-15,-0.17689506835881352
2016-03-16,1.0049779186157868
2016-03-17,0.972963803657631
2016-03-18,0.30109051845210844
2016-03-21,0.6860210248652959
2016-03-22,0.45323928911997924
2016-03-23,-0.350299584707789
2016-03-24,-0.06579471816708064
2016-03-28,0.17511705069125058
2016-03-29,0.32407222222222165
2016-03-30,-0.3703722222222228
2016-03-31,-0.08458227292239132
2016-04-01,0.06765245899631081
2016-04-04,-0.2754347717712048
2016-04-05,0.5191845509767556
2016-04-06,0.616784618467449
2016-04-07,-0.9474871580232479
2016-04-08,-0.03971499621791995
2016-04-11,-0.10149091750218818
2016-04-12,0.34574631001443007
2016-04-13,0.481881255168056
2016-04-14,-0.038096190476194024
2016-04-15,-0.7941842733865733
2016-04-18,1.3333343137254872
2016-04-19,-0.3805908730845106
2016-04-20,0.12413769934933733
2016-04-21,-0.0947498569760264
2016-04-22,0.45811331767121644
2016-04-25,-0.16741164901632605
2016-04-26,-0.027944108578377605
2016-04-27,0.5862912529550799
2016-04-28,-0.6369465169770365
2016-04-29,-0.9640714584853262
2016-05-02,-0.048767071267088756
2016-05-03,-0.21638733581957043
2016-05-04,-1.0424832808812057
2016-05-05,0.009870629866275855
2016-05-06,0.3740864269721151
2016-05-09,-0.8215716298238118
2016-05-10,0.643300995807943
2016-05-11,-2.8424772996446768
2016-05-12,2.9865856768267802
2016-05-13,-0.44891960193374725
2016-05-16,0.6488988848736789
2016-05-17,-0.396001378160554
2016-05-18,0.9244542927326941
2016-05-19,0.04017374711258786
2016-05-20,-0.01987081446500105
2016-05-23,-0.7675408692184903
2016-05-24,0.7104963474432064
2016-05-25,0.9542557608606799
2016-05-26,-0.3410699568971884
2016-05-27,-1.1886119492550549
2016-05-31,0.05806095903359509
2016-06-01,-0.8729815977164607
2016-06-02,0.4061876130331144
2016-06-03,-0.18324042466505774
2016-06-06,-0.07574512187809089
2016-06-07,-0.12308747993502428
2016-06-08,0.08526335894777823
2016-06-09,0.0
2016-06-10,-0.4341582164175978
2016-06-13,-0.5574026881008599
2016-06-14,-0.08895522563914007
2016-06-15,-0.1558807497650177
2016-06-16,0.9701969909870903
2016-06-17,-0.019372457498112516
2016-06-20,-0.852774818224853
2016-06-21,-0.16775395616718372
2016-06-22,-0.4765928328830421
2016-06-23,0.2461679431072113
2016-06-24,-0.1632555506555971
2016-06-27,-0.9092686301640707
2016-06-28,0.899352272628866
2016-06-29,0.9044786710617434
2016-06-30,0.13017924964771735
2016-07-01,0.06025004900081228
2016-07-05,-0.45166818583764107
2016-07-06,0.4227032968729607
2016-07-07,0.1194336606008424
2016-07-08,0.8497194037122725
2016-07-11,0.705305007725976
2016-07-12,-0.19672037470725648
2016-07-13,-0.22201388014827017
2016-07-14,-0.3782599905734907
2016-07-15,-0.11015421130615888
2016-07-18,0.3036455649613482
2016-07-19,-0.11041774015459487
2016-07-20,0.36731036974636894
2016-07-21,-0.27482868175783853
2016-07-22,0.05473179926843265
2016-07-25,-0.20018379981466589
2016-07-26,0.3295496215589453
2016-07-27,-0.7539753790871487
2016-07-28,-0.4135937743787615
2016-07-29,-0.7294075916991275
2016-08-01,-0.7937923440833307
2016-08-02,-0.3353226512714419
2016-08-03,0.24589890038526624
2016-08-04,0.03562928749342491
2016-08-05,0.10359375357712976
2016-08-08,-0.6094921004696228
2016-08-09,-0.008517414629992393
2016-08-10,-0.05128194083784723
2016-08-11,0.4606278138541097
2016-08-12,0.18712341583738248
2016-08-15,0.06808680851063255
2016-08-16,0.23931538461538773
2016-08-17,0.5652560580887143
2016-08-18,0.5835112050740017
2016-08-19,0.12555620552811467
2016-08-22,0.22442357616862413
2016-08-23,-0.3907824160002264
2016-08-24,-0.5593025076607522
2016-08-25,-0.38920254406752686
2016-08-26,0.29593811522629304
2016-08-29,0.2666214030983485
2016-08-30,0.008244658708788061
2016-08-31,-0.4620884485173982
2016-09-01,-0.46878774467596473
2016-09-02,0.46083361901332964
2016-09-06,0.13276574337788716
2016-09-07,-0.5190780130408311
2016-09-08,0.19043136438508862
2016-09-09,-1.1166633333333327
2016-09-12,1.4242322122288136
2016-09-13,-0.4441076066401126
2016-09-14,-0.3394153642667038
2016-09-15,0.9827388732542892
2016-09-16,-0.2089370538277029
2016-09-19,-0.15618221258135084
2016-09-20,-0.33376038226376614
2016-09-21,-0.1504639342254659
2016-09-22,-0.024827443104726135
2016-09-23,0.0340086711271413
2016-09-26,0.20537138280531286
2016-09-27,-0.2360860073539008
2016-09-28,0.2386016231546963
2016-09-29,-0.4634008449618228
2016-09-30,0.6940794604532394
2016-10-03,0.6725513262739337
2016-10-04,-0.19902734854668297
2016-10-05,0.5496865069140138
2016-10-06,0.1892970212588542
2016-10-07,-0.06036564384585169
2016-10-10,0.2497210087760561
2016-10-11,-0.4145103519556995
2016-10-12,0.13043652173913098
2016-10-13,0.13970400890338192
2016-10-14,-0.19944849115504154
2016-10-17,0.21705157145337728
2016-10-18,-0.406850772338576
2016-10-19,-0.2084582700023869
2016-10-20,0.22437176970241038
2016-10-21,0.3569528090113866
2016-10-24,0.2779466762254786
2016-10-25,-0.1559386641254499
2016-10-26,0.49595405899242423
2016-10-27,-0.4679790317010088
2016-10-28,-0.026121561341752562
2016-10-31,0.12986061587982714
2016-11-01,-0.8897710627199227
2016-11-02,-0.6658507154884415
2016-11-03,-0.5448659764050771
2016-11-04,0.0271410479249072
2016-11-07,0.7704712210050733
2016-11-08,0.7168123893805248
2016-11-09,1.323063005402133
2016-11-10,-0.06310195618859633
2016-11-11,0.4486316854723648
2016-11-14,-0.04471340347466826
2016-11-15,0.4554339938712125
2016-11-16,-0.06214399913125879
2016-11-17,0.21238761061946895
2016-11-18,-0.017532001008793097
2016-11-21,0.2538968634749038
2016-11-22,0.061560109590720676
2016-11-23,0.925438929362236
2016-11-25,0.08496686707647715
2016-11-28,-0.271254553943757
2016-11-29,0.12695810195585366
2016-11-30,-0.08429402556589406
2016-12-01,0.0679709394515914
2016-12-02,-0.11968795315305085
2016-12-05,0.18749105803616511
2016-12-06,0.37465513667140105
2016-12-07,1.5297183364469975
2016-12-08,-0.19504672421666716
2016-12-09,0.13842928325754333
2016-12-12,0.049259440494425204
2016-12-13,0.6954663664255712
2016-12-14,-0.7298064960182026
2016-12-15,0.049216700282417696
2016-12-16,0.10755108527630551
2016-12-19,0.4286152324431307
2016-12-20,0.2554358911055133
2016-12-21,-0.1977725619740039
2016-12-22,-0.03313421789065621
2016-12-23,0.0993566823924191
2016-12-27,-0.05859702041349689
2016-12-28,-0.4539349399288324
2016-12-29,-0.21314689902679768
2016-12-30,-0.4839942383627702
2017-01-03,0.3215748552352493
2017-01-04,0.7649497155969858
2017-01-05,-0.6188629322739015
2017-01-06,0.24199016161516204
2017-01-09,0.21760545151643787
2017-01-10,0.5626047716048297
2017-01-11,0.68856161520066
2017-01-12,0.0
2017-01-13,-0.00834752128192294
2017-01-17,-0.37020951401277996
2017-01-18,0.06739280656552567
2017-01-19,-0.20910003695383136
2017-01-20,-0.1679021112851972
2017-01-23,-0.1350747184906999
2017-01-24,0.6244076426513528
2017-01-25,0.3709281646199218
2017-01-26,-0.3767872393870974
2017-01-27,-0.34161244654922734
2017-01-30,-0.24922739558931747
2017-01-31,-0.3958342689599337
2017-02-01,-0.500685445465657
2017-02-02,-0.14821098905520683
2017-02-03,0.3661778648520808
2017-02-06,-0.7793336456917798
2017-02-07,-0.40528546255506276
2017-02-08,-0.06176019275666439
2017-02-09,0.09838118412274155
2017-02-10,0.3020843988782473
2017-02-13,0.052596651179109194
2017-02-14,0.11370037130314142
2017-02-15,-0.0967288067470202
2017-02-16,0.13250972082623214
2017-02-17,1.0756502991492598
2017-02-21,0.19284799802160818
2017-02-22,0.1663628418383966
2017-02-23,-0.07848273456575473
2017-02-24,-0.11413959413275256
2017-02-27,0.4660970931852736
2017-02-28,-0.3961232464106194
2017-03-01,-0.06967601463159141
2017-03-02,-0.17606920243222493
2017-03-03,0.061798359542638376
2017-03-06,-0.20328354431044532
2017-03-07,-0.03549560678861843
2017-03-08,-0.6663704842371262
2017-03-09,0.0713593785446581
2017-03-10,-0.1595108174232819
2017-03-13,0.026461144223488872
2017-03-14,-0.34673452133531424
2017-03-15,0.5415972798081463
2017-03-16,-0.413333043824929
2017-03-17,-0.3817471624800057
2017-03-20,-0.2316069796613758
2017-03-21,-1.1536098828004313
2017-03-22,-0.05410496937601185
2017-03-23,-0.03618362633604246
2017-03-24,0.22500224799745974
2017-03-27,0.6304638442804927
2017-03-28,0.4557658542311734
2017-03-29,-0.009071285886608334
2017-03-30,0.054543636363630105
2017-03-31,-0.2845836775911226
2017-04-03,-0.09206959789901072
2017-04-04,-0.04626688962181273
2017-04-05,-0.8315425659305111
2017-04-06,-0.17032551097653936
2017-04-07,0.1418324481499165
2017-04-10,-0.12251248588716959
2017-04-11,-0.34653461683622877
2017-04-12,-0.5189131148016373
2017-04-13,-0.9036402807088411
2017-04-17,0.17936656282449742
2017-04-18,-0.2840399464862767
2017-04-19,-0.36190190476190764
2017-04-20,0.32178306561487474
2017-04-21,-0.2526869490442163
2017-04-24,-0.18658829766605187
2017-04-25,0.10127980755657982
2017-04-26,-0.009092067123223612
2017-04-27,-0.3551903363791375
2017-04-28,-0.1938154165909595
2017-05-01,0.009236309823286515
2017-05-02,-0.2556601603997521
2017-05-03,0.3687673977250177
2017-05-04,-0.10066166653230794
2017-05-05,0.6133339548395093
2017-05-08,0.1727290909090972
2017-05-09,-0.5319167229281366
2017-05-10,-0.4515975119804643
2017-05-11,0.0936837191996194
2017-05-12,0.27314778700475206
2017-05-15,-0.10326042348649606
2017-05-16,-0.16806723002925977
2017-05-17,-0.973510231704376
2017-05-18,0.8310492098503094
2017-05-19,0.42950514340812007
2017-05-22,0.13973172128051706
2017-05-23,0.07407592592591968
2017-05-24,-0.16744186046512263
2017-05-25,0.037293491752875156
2017-05-26,0.29968065461397475
2017-05-30,0.6343283759606885
2017-05-31,0.15832913779466576
2017-06-01,0.5192934168877392
2017-06-02,0.30264306398896057
2017-06-05,-0.15750764384323798
2017-06-06,0.24177236152341125
2017-06-07,-0.3244327120253807
2017-06-08,-0.6760572769953017
2017-06-09,0.028378583183984007
2017-06-12,0.20709215267554854
2017-06-13,0.44889553913774793
2017-06-14,-0.40138151035326436
2017-06-15,0.27490852734683313
2017-06-16,-0.08571864150335473
2017-06-19,0.09560134026006084
2017-06-20,-0.6507177033492888
2017-06-21,-0.30510965785020944
2017-06-22,0.10438508553003367
2017-06-23,0.0760688445770687
2017-06-26,-0.2565292161520224
2017-06-27,-0.4191293459955347
2017-06-28,0.3047909382758472
2017-06-29,-0.7420157703001566
2017-06-30,-0.009522993521117776
2017-07-03,0.21738751746538218
2017-07-05,0.35136106608671447
2017-07-06,-0.5737050060146174
2017-07-07,0.2958844143155871
2017-07-10,0.009243138427531144
2017-07-11,0.10175855877443855
2017-07-12,0.2280605666467643
2017-07-13,0.31049863013698564
2017-07-14,0.13629622527133634
2017-07-17,0.2908826417437872
2017-07-18,-0.18148548588435642
2017-07-19,0.1003750378821046
2017-07-20,-0.08187391976713138
2017-07-21,-0.14616150410010795
2017-07-24,0.10064135130901772
2017-07-25,0.2640213133292573
2017-07-26,0.3715077893121863
2017-07-27,0.3594868435199141
2017-07-28,0.38451219915028423
2017-07-31,-0.1415964601769918
2017-08-01,0.04380914711333278
2017-08-02,0.3603471643553127
2017-08-03,-0.017735698447896756
2017-08-04,-0.1054878673437409
2017-08-07,0.1315967678997224
2017-08-08,-0.035008751356405306
2017-08-09,-0.00884360349355628
2017-08-10,-1.0739445611609926
2017-08-11,-0.30232616310089
2017-08-14,0.15062732455585107
2017-08-15,-0.10582274945638623
2017-08-16,0.026698112969940423
2017-08-17,-0.7038497987143618
2017-08-18,-0.24106875000000322
2017-08-21,0.284696614151302
2017-08-22,0.20419389385825
2017-08-23,-0.07084211458426233
2017-08-24,-0.00891205536188043
2017-08-25,0.25765703444716526
2017-08-28,-0.18670518705444275
2017-08-29,0.49314355324255815
2017-08-30,0.16949420462969533
2017-08-31,0.6413691316342541
2017-09-01,0.25722991408958845
2017-09-05,0.22935956043260802
2017-09-06,-0.20182169359267885
2017-09-07,-0.20956863978960805
2017-09-08,-0.026086086956524927
2017-09-11,0.25013023546436497
2017-09-12,0.1460840385129205
2017-09-13,0.22346626941927195
2017-09-14,0.5063908590440153
2017-09-15,0.48667946157754954
2017-09-18,-0.1952164318451824
2017-09-19,0.20866372103603578
2017-09-20,0.3083358333333308
2017-09-21,-0.17462081864924323
2017-09-22,0.3076625593270845
2017-09-25,0.13244185303272932
2017-09-26,-0.2548479139662027
2017-09-27,-0.12331552222390528
2017-09-28,-0.1502763412111936
2017-09-29,-0.1675504691073772
2017-10-02,0.4039350264422279
2017-10-03,0.6860768244497158
2017-10-04,0.12415245820228701
2017-10-05,0.0911065992436055
2017-10-06,0.2302878601953385
2017-10-09,-0.08212121414439785
2017-10-10,0.17762069935716887
2017-10-11,0.048581376518213044
2017-10-12,-0.23485665124254126
2017-10-13,-0.03241046884476836
2017-10-16,0.09731954345532576
2017-10-17,-0.008110606552059736
2017-10-18,0.2905568960362078
2017-10-19,-0.07307891935437702
2017-10-20,0.24308807250342165
2017-10-23,-0.3328486767332385
2017-10-24,-0.00807329088766888
2017-10-25,-0.7302840105531329
2017-10-26,0.21847871470337582
2017-10-27,0.2825363323184399
2017-10-30,0.11267525150905683
2017-10-31,0.01612921399913468
2017-11-01,0.11263898855387658
2017-11-02,0.20791282987813225
2017-11-03,0.08764321428342971
2017-11-06,0.0956059262910401
2017-11-07,0.5601570019723836
2017-11-08,0.6765261010889053
2017-11-09,0.03189363788698953
2017-11-10,-0.24840143633650702
2017-11-13,0.6567881562961718
2017-11-14,-0.38292381943237236
2017-11-15,0.5774762239319164
2017-11-16,0.3145668580117719
2017-11-17,-0.024326143366841916
2017-11-20,0.35527089794543587
2017-11-21,0.4632603944870761
2017-11-22,-0.17418922784982874
2017-11-24,-0.19003721442681748
2017-11-27,-0.1822327880693509
2017-11-28,0.35570072949646797
2017-11-29,-0.039490521950873624
2017-11-30,-0.04747310051466719
2017-12-01,-0.8293468767249332
2017-12-04,-0.6255004160104266
2017-12-05,-0.2902297622522568
2017-12-06,-0.02438943089431192
2017-12-07,0.0
2017-12-08,0.22549650037039498
2017-12-11,-0.20935823803272025
2017-12-12,0.26630245749357845
2017-12-13,0.1523250183839171
2017-12-14,-0.48563091723882473
2017-12-15,0.0885398030619084
2017-12-18,0.3546914080233735
2017-12-19,-0.39212610160573913
2017-12-20,-0.28906484374999764
2017-12-21,0.03118683596433671
2017-12-22,0.1561130251371109
2017-12-26,-0.015622656250002809
2017-12-27,0.20316870982911342
2017-12-28,0.12489501112406438
2017-12-29,-0.9887916382934859
2018-01-02,0.7376559679824075
2018-01-03,1.1268356223799414
2018-01-04,0.6473277076738506
2018-01-05,0.5634437640790041
2018-01-08,0.5896462334571201
2018-01-09,-0.0747317252793206
2018-01-10,-0.2413530385827024
2018-01-11,0.1609495916167986
2018-01-12,0.37310336713580816
2018-01-16,-0.8836178351354418
2018-01-17,0.07111790894318236
2018-01-18,-0.4595382936874109
2018-01-19,-0.028588891476067062
2018-01-22,0.30941425984446536
2018-01-23,-0.2506667531810283
2018-01-24,-0.3440585027617554
2018-01-25,-0.9036208992595945
2018-01-26,0.15069392964360526
2018-01-29,-0.300105758487435
2018-01-30,-0.2571803188221345
2018-01-31,-0.3828089645968022
2018-02-01,0.40509113118160506
2018-02-02,-1.6414680334687441
2018-02-05,-2.634691512915132
2018-02-06,3.282462823261798
2018-02-07,-0.33492865399530247
2018-02-08,-2.727933489028947
2018-02-09,-0.43015236424167985
2018-02-12,0.7259001424905684
2018-02-13,0.7009597001807756
2018-02-14,2.056649010974499
2018-02-15,0.2074066666666694
2018-02-16,0.1986346015628796
2018-02-20,0.110544586084266
2018-02-21,-0.7509968689664404
2018-02-22,-0.2875674785270335
2018-02-23,0.7055133024282123
2018-02-26,0.7716372123330189
2018-02-27,-1.2342968484512236
2018-02-28,-1.1529646934414914
2018-03-01,-2.3149513729383173
2018-03-02,1.0993249376685916
2018-03-05,1.2992985004029705
2018-03-06,-0.25819943656891187
2018-03-07,0.2625973204385981
2018-03-08,0.2786385513615849
2018-03-09,0.8396843741130666
2018-03-12,0.23070056609431205
2018-03-13,-0.5051308585601961
2018-03-14,-0.9221910947691592
2018-03-15,-0.13020756939657616
2018-03-16,-0.13068726736337302
2018-03-19,-1.0219943938682343
2018-03-20,0.5445328538809884
2018-03-21,-0.007729909924278557
2018-03-22,-1.0053783961558502
2018-03-23,-1.5421091706312942
2018-03-26,0.823632711419158
2018-03-27,-1.1121432224943768
2018-03-28,0.9047562098643349
2018-03-29,0.2846115384615298
2018-04-02,-1.8301675493641127
2018-04-03,0.9755369288369455
2018-04-04,1.4209740301581832
2018-04-05,0.04712266521509969
2018-04-06,-0.5946717270534794
2018-04-09,-0.06336792079207386
2018-04-10,0.21877792892379222
2018-04-11,-0.15623545645791986
2018-04-12,0.03888862904202148
2018-04-13,-0.24835621660739693
2018-04-16,-0.26323706214811093
2018-04-17,0.27911304943753734
2018-04-18,-0.3089472440801112
2018-04-19,-0.23292803502211018
2018-04-20,0.21713765530370943
2018-04-23,-0.22417594137155825
2018-04-24,-0.7892712643678188
2018-04-25,0.28303374230961326
2018-04-26,0.15982268614108058
2018-04-27,-0.2892183597626676
2018-04-30,-0.2133163268823861
2018-05-01,0.21424668736327945
2018-05-02,-0.6259595419847358
2018-05-03,0.13854229946738708
2018-05-04,1.0931586340181136
2018-05-07,0.08371461569473977
2018-05-08,0.20668222434805936
2018-05-09,0.8509649315596198
2018-05-10,0.028907118370476464
2018-05-11,0.0652348185312341
2018-05-14,0.07244712045151955
2018-05-15,-0.161243767791792
2018-05-16,0.30673557399510826
2018-05-17,-0.24087737226277917
2018-05-18,-0.3370014652014581
2018-05-21,-0.029312036438126195
2018-05-22,-0.5567728937728964
2018-05-23,0.1708736922344564
2018-05-24,0.030217524027984676
2018-05-25,0.12326964275955102
2018-05-29,-0.5728658871537398
2018-05-30,0.4658907175133453
2018-05-31,0.10951967285426711
2018-06-01,0.015237261837615916
2018-06-04,-0.717191127541587
2018-06-05,-0.12721544087349315
2018-06-06,0.1029177394906758
2018-06-07,-0.2266730120895422
2018-06-08,-0.13196862036783108
2018-06-11,0.4909129686668459
2018-06-12,-0.11135412274730222
2018-06-13,-0.31654300107607997
2018-06-14,0.029548007217784857
2018-06-15,-0.3156246214171742
2018-06-18,0.6636255959160089
2018-06-19,0.25772532567616263
2018-06-20,-0.6139068183559261
2018-06-21,-0.6961539245798218
2018-06-22,-0.6748040084525203
2018-06-25,-0.9857519760145437
2018-06-26,-0.046412159157982115
2018-06-27,-1.1893641261610954
2018-06-28,0.7413742839189695
2018-06-29,-0.44825798321552013
2018-07-02,0.32152055336074326
2018-07-03,-0.7246941366057228
2018-07-05,0.5374684320973446
2018-07-06,0.10044426101453259
2018-07-09,0.36090072520619315
2018-07-10,0.06967874661520074
2018-07-11,-0.4818114965237749
2018-07-12,0.09297613657175846
2018-07-13,0.3020446213617146
2018-07-16,-0.15419935949890648
2018-07-17,0.504628821258509
2018-07-18,-0.39213105804893067
2018-07-19,0.03796158489249009
2018-07-20,-0.2271029419938132
2018-07-23,0.2206284202582462
2018-07-24,-0.14310611905983875
2018-07-25,0.4787999623225289
2018-07-26,0.10511299489282595
2018-07-27,0.052093162081206214
2018-07-30,0.11124675352299736
2018-07-31,-0.10607668149951023
2018-08-01,-0.6565999999999915
2018-08-02,0.38299501226361515
2018-08-03,0.6901909826775079
2018-08-06,-0.007792308465306311
2018-08-07,-0.1863863073309403
2018-08-08,-0.5166371819960867
2018-08-09,-0.8300418972332045
2018-08-10,-0.6557376891866267
2018-08-13,-0.45139288169260905
2018-08-14,-0.3792777659664024
2018-08-15,-0.5793081034482342
2018-08-16,0.6229524590163935
2018-08-17,0.5300513870191161
2018-08-20,0.41544069052719923
2018-08-21,-0.3090662946498511
2018-08-22,-0.6264046087312415
2018-08-23,-0.7951931320219593
2018-08-24,-0.14631848836738656
2018-08-27,0.6846588592893965
2018-08-28,-0.5286397432324457
2018-08-29,0.4966535356192887
2018-08-30,-0.31832085569566004
2018-08-31,-0.41733226994113287
2018-09-04,-0.13096177672034234
2018-09-05,-0.033193095457756054
2018-09-06,-0.2572597510373387
2018-09-07,-0.21745985643123658
2018-09-10,-0.3094964372355532
2018-09-11,-0.12492879153825805
2018-09-12,0.09182053192435806
2018-09-13,0.17248377823408317
2018-09-14,-0.35041969155259517
2018-09-17,-0.15488302200837267
2018-09-18,0.5225936771810669
2018-09-19,0.2720411200502186
2018-09-20,-0.3747416739713315
2018-09-21,0.05615643712544482
2018-09-24,-0.27344057498602403
2018-09-25,-0.3511035748483803
2018-09-26,0.15206242862095218
2018-09-27,-0.1522451886479577
2018-09-28,-0.12850694516895175
2018-10-01,0.1765666159962489
2018-10-02,0.14339201898662693
2018-10-03,-0.21956899878369535
2018-10-04,-0.4237954463845581
2018-10-05,-1.1069518060642023
2018-10-08,0.10692080292526453
2018-10-09,0.1837936554000169
2018-10-10,-1.6204493683557462
2018-10-11,-0.8829280848719948
2018-10-12,-0.460358897007022
2018-10-15,0.2340464612166622
2018-10-16,0.7081324179518229
2018-10-17,-0.2372671767262606
2018-10-18,-1.0516546161765832
2018-10-19,-0.4280089025851738
2018-10-22,-1.381168963806114
2018-10-23,1.8915201407109985
2018-10-24,-1.8083647583133473
2018-10-25,0.9606239473658835
2018-10-26,1.1206922413793137
2018-10-29,-0.423147657431417
2018-10-30,0.9027786693431978
2018-10-31,-0.14502473856828627
2018-11-01,0.6843413056571167
2018-11-02,-1.316240170940174
2018-11-05,0.2780502312294818
2018-11-06,0.26435150330906004
2018-11-07,0.9305464929409202
2018-11-08,-0.4413861377028369
2018-11-09,-0.09373668672751016
2018-11-12,-1.3991971794147045
2018-11-13,-0.33766147186147455
2018-11-14,-0.06840116337551717
2018-11-15,0.5673061910712123
2018-11-16,0.9842850975651901
2018-11-19,-1.0140248779457421
2018-11-20,-0.5511285305896494
2018-11-21,0.025162724164046652
2018-11-23,0.15897088752436353
2018-11-26,0.5972575546099321
2018-11-27,-0.7220192169843941
2018-11-28,0.8042459099225083
2018-11-29,0.2139582014637476
2018-11-30,0.5629138933051124
2018-12-03,0.2028232970497599
2018-12-04,-1.1368283586365022
2018-12-06,1.2970857561424813
2018-12-07,-1.3810118967363472
2018-12-10,-0.09087236453847664
2018-12-11,-0.22372886973815553
2018-12-12,-0.3759697650342391
2018-12-13,-0.6253101808021213
2018-12-14,-0.1911443498521623
2018-12-17,-0.3749974999999968
2018-12-18,-0.7197179199135841
2018-12-19,-0.9376856536771089
2018-12-20,-0.4621873949579864
2018-12-21,-1.4357411839887262
2018-12-24,-1.445569892787219
2018-12-26,1.0485160738535915
2018-12-27,1.8252349237197767
2018-12-28,0.32769662234992175
2018-12-31,-0.3091721004951663
2019-01-02,1.3951857342169487
2019-01-03,-1.035818748999891
2019-01-04,1.517721697172762
2019-01-07,0.472206117738438
2019-01-08,-0.6901639918751608
2019-01-09,0.05698005790769927
2019-01-10,0.6305060272452219
2019-01-11,0.04799455966730815
2019-01-14,0.6825100314556761
2019-01-15,0.10304954255966085
2019-01-16,-0.3173044632286861
2019-01-17,0.3454092753700637
2019-01-18,0.36832332747476143
2019-01-22,-0.3225822580645166
2019-01-23,-0.487526610871859
2019-01-24,0.15492743113932195
2019-01-25,-0.016160498079209277
2019-01-28,0.17994519581309704
2019-01-29,-0.171461458896268
2019-01-30,0.7698632394736029
2019-01-31,0.38304890912100886
2019-02-01,-0.35122110593809264
2019-02-04,0.3756942114391616
2019-02-05,-0.040476037252500305
2019-02-06,-0.550441993506057
2019-02-07,-0.9476660675556225
2019-02-08,0.025578956561885247
2019-02-11,-0.6277012522495674
2019-02-12,0.6216380996166153
2019-02-13,-0.2750933667480218
2019-02-14,0.14275948702117655
2019-02-15,0.6647312117113631
2019-02-19,0.8048465185408163
2019-02-20,0.3924478847591925
2019-02-21,-0.4107113588091237
2019-02-22,-0.09841069216975551
2019-02-25,-0.2444747799240024
2019-02-26,0.3910411405295286
2019-02-27,-0.30969601409199954
2019-02-28,-0.214346243668271
2019-03-01,-0.049838869604006596
2019-03-04,-0.5041161276453374
2019-03-05,-0.2025299578059071
2019-03-06,-0.11006519253183353
2019-03-07,-0.8457374973906884
2019-03-08,0.7704828485657564
2019-03-11,0.5316430379746862
2019-03-12,-0.3524064440342396
2019-03-13,0.5562545207542369
2019-03-14,-0.16963952214352332
2019-03-15,-0.025209243697482068
2019-03-18,0.47923321877865205
2019-03-19,-0.17508670710211466
2019-03-20,-0.5402277260638185
2019-03-21,0.6855032431323462
2019-03-22,-0.7348691211719176
2019-03-25,0.5004579239340864
2019-03-26,-0.19670928289960724
2019-03-27,-0.07430977358875504
2019-03-28,-0.2429633022539969
2019-03-29,-0.19450570824524008
2019-04-01,0.351580448280438
2019-04-02,0.12448298755186775
2019-04-03,0.09921703429227614
2019-04-04,0.31224733719590564
2019-04-05,0.44262377049180635
2019-04-08,0.41895587565212133
2019-04-09,-0.26963069098481646
2019-04-10,-0.21235053557088318
2019-04-11,-0.5341449497223306
2019-04-12,0.45962411226605865
2019-04-15,-0.15553617696345554
2019-04-16,-0.17218678396348322
2019-04-17,0.19380330083343505
2019-04-18,0.13601568343092604
2019-04-22,-0.520786804275081
2019-04-23,0.048050129277312406
2019-04-24,0.1059038696537703
2019-04-25,-0.2590883287330796
2019-04-26,-0.13732773134076212
2019-04-29,0.02423574102629412
2019-04-30,-0.4911045849054366
2019-05-01,-0.8309794473008253
2019-05-02,-0.2684689272448633
2019-05-03,0.8482187354357853
2019-05-06,1.1182371044670993
2019-05-07,-0.40650406504065045
2019-05-08,-0.6446356431341774
2019-05-09,0.20154349678294425
2019-05-10,0.2943146702710143
2019-05-13,0.22034067796610174
2019-05-14,0.16824850252590318
2019-05-15,1.506100992950798
2019-05-16,0.6294586549818102
2019-05-17,0.0168989698487639
2019-05-20,-0.008467659791712049
2019-05-21,0.339416212802991
2019-05-22,-0.39055782297978325
2019-05-23,0.07667745978899054
2019-05-24,-0.2440196985533351
2019-05-28,-0.39209225680923393
2019-05-29,-0.2752702771589152
2019-05-30,-0.02504508286062322
2019-05-31,0.06808680851063255
2019-06-03,0.4677623665970084
2019-06-04,0.6822184616638199
2019-06-05,-0.23236431535270013
2019-06-06,0.20652622371269166
2019-06-07,0.3608052569283843
2019-06-10,0.024298558434302
2019-06-11,0.3935726907630522
2019-06-12,0.46363070285581254
2019-06-13,0.27320530992058406
2019-06-14,-0.048210527477950134
2019-06-17,-0.0965508078159859
2019-06-18,0.4486860099140486
2019-06-19,0.007988818082799208
2019-06-20,-0.08736478159431788
2019-06-21,-0.08004322420556598
2019-06-24,-0.21589397434660873
2019-06-25,-0.681198114130452
2019-06-26,-0.5083900985860272
2019-06-27,-0.2017430632947557
2019-06-28,-0.08058506182883539
2019-07-01,-0.6633467739875246
2019-07-02,0.5542335576983289
2019-07-03,-0.03152912355492238
2019-07-05,0.33293538909336884
2019-07-08,0.4672188823821525
2019-07-09,0.031531609399879895
2019-07-10,0.6002163812932512
2019-07-11,-0.25968051212337345
2019-07-12,0.24332574186301473
2019-07-15,-0.36690786727988484
2019-07-16,0.1791525089907886
2019-07-17,-0.10810733590732732
2019-07-18,0.41772567748973477
2019-07-19,-0.8681745620009945
2019-07-22,-0.09141856206837022
2019-07-23,0.037967350902827886
2019-07-24,0.5443007298480523
2019-07-25,-0.42835122117338126
2019-07-26,0.17460977699203015
2019-07-29,0.05316117110251142
2019-07-30,0.022882531370748877
2019-07-31,-0.31670321167214716
2019-08-01,-0.445470056347242
2019-08-02,0.742185156249997
2019-08-05,-0.8653956245618153
2019-08-06,-0.32166640767037236
2019-08-07,0.6831590213295465
2019-08-08,0.6693135392126501
2019-08-09,-0.193453538449386
2019-08-12,-0.34970238147277194
2019-08-13,0.8729500965015479
2019-08-14,-1.3493517709580922
2019-08-15,0.28346535433070624
2019-08-16,0.7509903660957593
2019-08-19,-0.023134881208221863
2019-08-20,-0.3475417160192036
2019-08-21,0.04621629699958907
2019-08-22,-0.14633549434183676
2019-08-23,-0.8839257123057658
2019-08-26,-0.11456045827482204
2019-08-27,-0.42741335895548427
2019-08-28,0.08449839139261103
2019-08-29,0.007659590479748644
2019-08-30,-0.29766370637569883
2019-09-03,0.12938585065689692
2019-09-04,0.5939681376958833
2019-09-05,0.4518272254276616
2019-09-06,0.030306796087675225
2019-09-09,-0.04514786699635797
2019-09-10,0.02993936173169191
2019-09-11,-0.06634916002910402
2019-09-12,0.3547372752159839
2019-09-13,-0.08772846971582239
2019-09-16,-0.19089207468925534
2019-09-17,0.5985452554744555
2019-09-18,-0.36350417236995625
2019-09-19,-0.19734248369100005
2019-09-20,-0.37207921058907995
2019-09-23,0.8280924214417661
2019-09-24,-0.21059768069567186
2019-09-25,0.19801172579338291
2019-09-26,0.30457796829201567
2019-09-27,-0.41651952868749154
2019-09-30,0.7038577153757103
2019-10-01,-0.995329384411745
2019-10-02,-0.5672364198514868
2019-10-03,0.4671115848720775
2019-10-04,0.3578233563232546
2019-10-07,-0.03811204355439413
2019-10-08,-0.33366346908558897
2019-10-09,0.09029723899690499
2019-10-10,0.14342970705112687
2019-10-11,0.18491124670661052
2019-10-14,-0.15522767707885607
2019-10-15,0.0511637415680356
2019-10-16,-0.3061656374337274
2019-10-17,-0.16889118212834675
2019-10-18,-0.11035462198873225
2019-10-21,-0.0732964385470733
2019-10-22,-0.1830160973785023
2019-10-23,0.4168241316270595
2019-10-24,0.1812907983157708
2019-10-25,0.04340761074079816
2019-10-28,0.2827104084677996
2019-10-29,0.3473198338781439
2019-10-30,1.1643181656864874
2019-10-31,-0.10814275648469726
2019-11-01,0.1504132699618122
2019-11-04,0.37848961207234144
2019-11-05,-0.09937535138504201
2019-11-06,-0.18488941958014043
2019-11-07,0.11212614110988027
2019-11-08,0.2708326388888812
2019-11-11,0.07588892878694653
2019-11-12,-0.1588802884884844
2019-11-13,0.04844141295448834
2019-11-14,0.2578362369337901
2019-11-15,0.1805492736806196
2019-11-18,0.2093531009905169
2019-11-19,-0.4945611659871991
2019-11-20,-0.2680811287478034
2019-11-21,0.02814426341402216
2019-11-22,-0.39832772613580736
2019-11-25,1.2717534635879288
2019-11-26,-0.007039724103107827
2019-11-27,0.12014912290093567
2019-11-29,0.04282055124454581
2019-12-02,-0.7640622243765646
2019-12-03,0.1565732032087798
2019-12-04,-0.44438201793133464
2019-12-05,-0.18868203261990088
2019-12-06,0.29504600091129785
2019-12-09,-0.8663494422431007
2019-12-10,-0.08493276535882856
2019-12-11,0.20518856286436707
2019-12-12,0.5324813404693785
2019-12-13,-0.357615171743813
2019-12-16,0.23911456165533426
2019-12-17,0.27391416371982064
2019-12-18,-0.021063755386377454
2019-12-19,-0.15386837750365887
2019-12-20,1.0031324843928846
2019-12-23,-0.11257247792613452
2019-12-24,-0.1130770318021106
2019-12-26,0.12025891256183037
2019-12-27,-0.5070429577464763
2019-12-30,-0.6008807846305134
2019-12-31,-0.028459951224070787
2020-01-02,0.16901760563380033
2020-01-03,-0.3398683095622263
2020-01-06,0.939335246125443
2020-01-07,-0.4362273821069715
2020-01-08,0.1774182051687402
2020-01-09,-0.46047675090741924
2020-01-10,-0.19286000000000011
2020-01-13,0.2853838388874624
2020-01-14,-0.035609600279301955
2020-01-15,-0.17907026589019218
2020-01-16,0.47332472069242726
2020-01-17,0.2577319716790175
2020-01-21,0.44444797178131307
2020-01-22,-0.26068838036227393
2020-01-23,0.42822113923948424
2020-01-24,-0.5087532054932975
2020-01-27,-0.26866798262629077
2020-01-28,0.6423406598763521
2020-01-29,-0.7224007473362244
2020-01-30,0.41281281138790565
2020-01-31,-0.863982130725117
2020-02-03,0.17306389682324003
2020-02-04,0.1492056220972848
2020-02-05,-0.33754993679781853
2020-02-06,-0.10416249999999473
2020-02-07,-0.4545835214146492
2020-02-10,0.2483545145709385
2020-02-11,0.08451017379710259
2020-02-12,0.30281197183098313
2020-02-13,0.07092624113475715
2020-02-14,-0.3200654201963655
2020-02-18,0.23012153358437695
2020-02-19,0.15257646760966276
2020-02-20,0.3462425035619091
2020-02-21,-0.18665469806199078
2020-02-24,-0.4662448366727606
2020-02-25,-1.636574256442619
2020-02-26,-0.0517692319179452
2020-02-27,-1.3217257037631167
2020-02-28,1.4745781230308923
2020-03-02,1.3053488549618246
2020-03-03,-1.132502856908332
2020-03-04,1.8146764478764537
2020-03-05,-0.23166254826255117
2020-03-06,-0.24328755679309447
2020-03-09,0.1549779796896933
2020-03-10,0.5542774522584699
2020-03-11,-1.8935785588501552
2020-03-12,-5.539654870682401
2020-03-13,-0.810715992490195
2020-03-16,-1.3636363636363635
2020-03-17,2.837123061697756
2020-03-18,0.17260463866562273
2020-03-19,0.09312563258231499
2020-03-20,-2.9500008333333367
2020-03-23,-2.303906944214674
2020-03-24,2.034551451675445
2020-03-25,-0.28773265609776877
2020-03-26,3.5404024800951235
2020-03-27,1.7106315221523827
2020-03-30,0.6429858646999733
2020-03-31,-0.20798669404292913
2020-04-01,-1.0932211864406811
2020-04-02,1.647826705277305
2020-04-03,0.16549255579640973
2020-04-06,2.008336666666667
2020-04-07,-2.922671020148119
2020-04-08,0.3004002646813365
2020-04-09,-0.6440665054670804
2020-04-13,-0.40246242299794655
2020-04-14,-0.10419011230720836
2020-04-15,-0.8624859078266254
2020-04-16,-0.13934262295082522
2020-04-17,-0.2800880304104351
2020-04-20,-0.7906757417672078
2020-04-21,-0.6422387972557871
2020-04-22,-0.5812993333985504
2020-04-23,-0.563866129839018
2020-04-24,-0.15478778004073881
2020-04-27,0.36363393939393635
2020-04-28,-0.586235429305976
2020-04-29,0.15666378954523313
2020-04-30,-1.0488438583051434
2020-05-01,-0.4274876720444614
2020-05-04,0.37421787941787626
2020-05-05,-0.4651922016256667
2020-05-06,-1.5147792996706213
2020-05-07,0.0576368890317942
2020-05-08,0.918179187124633
2020-05-11,0.324624246675668
2020-05-12,-1.1272033805561652
2020-05-13,-1.727447188058958
2020-05-14,0.8189629310344795
2020-05-15,0.5938055230758801
2020-05-18,0.8526101709658127
2020-05-19,-0.8969737539024811
2020-05-20,-0.016685581331299545
2020-05-21,-0.7739597684707729
2020-05-22,-0.3644376703862702
2020-05-26,0.8614367933010072
2020-05-27,0.3164259056585367
2020-05-28,-0.6424653511499919
2020-05-29,0.0555820223029639
2020-06-01,1.240988771161105
2020-06-02,0.07121133057370568
2020-06-03,0.5310370824434858
2020-06-04,0.5097655005918567
2020-06-05,0.7531594202720487
2020-06-08,0.15926437009506225
2020-06-09,0.4538430769230873
2020-06-10,-0.10674724087291142
2020-06-11,-2.308050768756099
2020-06-12,-0.25750605965693546
2020-06-15,0.9748783542027113
2020-06-16,-0.8416151685144941
2020-06-17,-0.6168939259581737
2020-06-18,0.18621197291230512
2020-06-19,-0.9379837209302296
2020-06-22,0.1563394043617638
2020-06-23,-0.8296858082459055
2020-06-24,-1.2364691454313272
2020-06-25,1.0438908907210234
2020-06-26,-1.3681494373184446
2020-06-29,0.33209298385314856
2020-06-30,0.0956059262910401
2020-07-01,-0.49695654862204713
2020-07-02,-0.6367908955217925
2020-07-06,-0.14155472974033903
2020-07-07,-0.8332695685537754
2020-07-08,-0.06374531936800193
2020-07-09,-0.9914431918125849
2020-07-10,0.8229157117284965
2020-07-13,-1.2711202819794611
2020-07-14,1.0227710583656293
2020-07-15,-0.38335002347050534
2020-07-16,-0.6050636397129714
2020-07-17,-0.015741265096927
2020-07-20,0.07862792891963896
2020-07-21,-0.7545437218923848
2020-07-22,0.3975826908781378
2020-07-23,-0.08732237765084994
2020-07-24,-0.12762542567698645
2020-07-27,0.5755313962639939
2020-07-28,-0.42857222222222513
2020-07-29,0.4944083440040907
2020-07-30,0.37704836065573466
2020-07-31,-0.5500033333333338
2020-08-03,1.103493535274372
2020-08-04,-0.0162661677377419
2020-08-05,-0.6763730512671875
2020-08-06,-0.186658886503979
2020-08-07,-0.03076384615385363
2020-08-10,0.43846692307692614
2020-08-11,-0.9259259259259258
2020-08-12,-0.3141616246862551
2020-08-13,-0.4477071559633109
2020-08-14,0.41146331131089253
2020-08-17,0.4297903022554401
2020-08-18,-0.10277418805773528
2020-08-19,-0.7487257064883197
2020-08-20,0.2691991406326024
2020-08-21,0.45788995302590574
2020-08-24,0.08169402517761058
2020-08-25,-0.15556074074073353
2020-08-26,0.36458706984763445
2020-08-27,-0.4546470962904727
2020-08-28,-0.08207192480842375
2020-08-31,-0.5183308487954741
2020-09-01,0.3793626620782399
2020-09-02,0.6302695629088133
2020-09-03,-1.2688026617840191
2020-09-04,0.12781804511277634
2020-09-08,0.17556946564885487
2020-09-09,0.6215453932564685
2020-09-10,-0.214635892208709
2020-09-11,0.1601395500595018
2020-09-14,-0.09707991473098371
2020-09-15,-0.3346200277995221
2020-09-16,-0.3864763942071411
2020-09-17,0.8968587242856759
2020-09-18,-0.1710261799829321
2020-09-21,-0.8163280238172085
2020-09-22,0.6392176960895714
2020-09-23,-0.9143703266615948
2020-09-24,0.3577416517833108
2020-09-25,0.27903090743449044
2020-09-28,0.7183072054809672
2020-09-29,-0.6070977696773229
2020-09-30,-0.15830532189846894
2020-10-01,-0.15080448801914406
2020-10-02,0.572606522296733
2020-10-05,0.4715622291318048
2020-10-06,-0.5078435803449126
2020-10-07,-0.18842328398374275
2020-10-08,0.015048522570824278
2020-10-09,-0.10588337539037598
2020-10-12,-0.15151287878787592
2020-10-13,-0.1430307179473425
2020-10-14,-0.08356122822515764
2020-10-15,0.4056942774471421
2020-10-16,-0.007650210837364086
2020-10-19,-0.6904833813899651
2020-10-20,0.32853987131189066
2020-10-21,0.10526240601502923
2020-10-22,0.02248969204955438
2020-10-23,-0.4035330830613394
2020-10-26,-0.20281626362739963
2020-10-27,-0.4359486098289402
2020-10-28,-0.8083565618715619
2020-10-29,-0.4396172445790917
2020-10-30,0.3132548780082935
2020-11-02,0.1352825813209385
2020-11-03,1.0486300212672148
2020-11-04,-0.42306243369888724
2020-11-05,0.8906271095934944
2020-11-06,0.36576445572270205
2020-11-09,-0.4704233684157618
2020-11-10,0.17180029001718336
2020-11-11,-0.1611737010145269
2020-11-12,-1.1604047101053707
2020-11-13,0.9480376836286384
2020-11-16,0.5021284643429158
2020-11-17,-0.05601596140518846
2020-11-18,-0.014102220059123672
2020-11-19,0.15636176594943094
2020-11-20,-0.11946450907663898
2020-11-23,-0.3408730434782584
2020-11-24,-0.04169423384408126
2020-11-25,0.24118393813447656
2020-11-27,0.042825123076710575
2020-11-30,-1.0741546655996879
2020-12-01,0.39822490863310234
2020-12-02,0.21315177773278673
2020-12-03,-0.6677781616381404
2020-12-04,0.2900718037739809
